O*NET-SOC Code,Adj Code,Code,Title,Job Zone,Date,Domain Source
111011,111011,11,Chief Executives,Extensive prep,14-Jul,Analyst
111011.03,111011,11,Chief Sustainability Officers,Extensive prep,13-Jul,Analyst
111021,111021,11,General and Operations Managers,Considerable Prep,15-Jul,Analyst
111031,111031,11,Legislators,Considerable Prep,8-Jun,Analyst
112011,112011,11,Advertising and Promotions Managers,Considerable Prep,18-Aug,Analyst
112021,112021,11,Marketing Managers,Considerable Prep,15-Jul,Analyst
112022,112022,11,Sales Managers,Considerable Prep,16-Jul,Analyst
112031,112031,11,Public Relations and Fundraising Managers,Considerable Prep,17-Jul,Analyst
113011,113011,11,Administrative Services Managers,Medium Prep,17-Jul,Analyst
113021,113021,11,Computer and Information Systems Managers,Considerable Prep,16-Jul,Analyst
113031.01,113031,11,Treasurers and Controllers,Extensive prep,12-Jul,Analyst
113031.02,113031,11,"Financial Managers, Branch or Department",Considerable Prep,14-Jul,Analyst
113051,113051,11,Industrial Production Managers,Considerable Prep,13-Jul,Analyst
113051.01,113051,11,Quality Control Systems Managers,Considerable Prep,12-Jul,Analyst
113051.02,113051,11,Geothermal Production Managers,Medium Prep,11-Jul,Analyst
113051.03,113051,11,Biofuels Production Managers,Considerable Prep,16-Jul,Analyst
113051.04,113051,11,Biomass Power Plant Managers,Considerable Prep,12-Jul,Analyst
113051.06,113051,11,Hydroelectric Production Managers,Medium Prep,16-Jul,Analyst
113061,113061,11,Purchasing Managers,Considerable Prep,18-Aug,Analyst
113071.01,113071,11,Transportation Managers,Considerable Prep,14-Jul,Analyst
113071.02,113071,11,Storage and Distribution Managers,Considerable Prep,17-Jul,Analyst
113071.03,113071,11,Logistics Managers,Considerable Prep,17-Jul,Analyst
113111,113111,11,Compensation and Benefits Managers,Considerable Prep,17-Jul,Analyst
113121,113121,11,Human Resources Managers,Considerable Prep,18-Aug,Analyst
113131,113131,11,Training and Development Managers,Considerable Prep,17-Jul,Analyst
119013.01,119013,11,Nursery and Greenhouse Managers,Medium Prep,7-Jun,Analyst
119013.02,119013,11,Farm and Ranch Managers,Considerable Prep,14-Jul,Analyst
119013.03,119013,11,Aquacultural Managers,Considerable Prep,16-Jul,Analyst
119021,119021,11,Construction Managers,Considerable Prep,13-Jul,Analyst
119031,119031,11,"Education Administrators, Preschool and Childcare Center/Program",Considerable Prep,18-Aug,Analyst
119032,119032,11,"Education Administrators, Elementary and Secondary School",Extensive prep,18-Aug,Analyst
119033,119033,11,"Education Administrators, Postsecondary",Extensive prep,18-Aug,Analyst
119039.01,119039,11,Distance Learning Coordinators,Extensive prep,13-Jul,Analyst
119039.02,119039,11,Fitness and Wellness Coordinators,Considerable Prep,15-Jul,Analyst
119041,119041,11,Architectural and Engineering Managers,Extensive prep,12-Jul,Analyst
119041.01,119041,11,Biofuels/Biodiesel Technology and Product Development Managers,Considerable Prep,14-Jul,Analyst
119051,119051,11,Food Service Managers,Some Prep,17-Jul,Analyst
119061,119061,11,Funeral Service Managers,Medium Prep,14-Jul,Analyst
119071,119071,11,Gaming Managers,Medium Prep,14-Jul,Analyst
119081,119081,11,Lodging Managers,Considerable Prep,17-Jul,Analyst
119111,119111,11,Medical and Health Services Managers,Extensive prep,16-Jul,Analyst
119121,119121,11,Natural Sciences Managers,Extensive prep,14-Jul,Analyst
119121.01,119121,11,Clinical Research Coordinators,Considerable Prep,11-Jul,Analyst
119121.02,119121,11,Water Resource Specialists,Considerable Prep,12-Jul,Analyst
119131,119131,11,Postmasters and Mail Superintendents,Some Prep,16-Jul,Analyst
119141,119141,11,"Property, Real Estate, and Community Association Managers",Considerable Prep,13-Jul,Analyst
119151,119151,11,Social and Community Service Managers,Considerable Prep,18-Aug,Analyst
119161,119161,11,Emergency Management Directors,Considerable Prep,17-Jul,Analyst
119199.01,119199,11,Regulatory Affairs Managers,Considerable Prep,9-Jun,Analyst
119199.02,119199,11,Compliance Managers,Considerable Prep,12-Jul,Analyst
119199.03,119199,11,Investment Fund Managers,Extensive prep,14-Jul,Analyst
119199.04,119199,11,Supply Chain Managers,Considerable Prep,17-Jul,Analyst
119199.07,119199,11,Security Managers,Considerable Prep,13-Jul,Analyst
119199.08,119199,11,Loss Prevention Managers,Considerable Prep,12-Jul,Analyst
119199.09,119199,11,Wind Energy Operations Managers,Considerable Prep,16-Jul,Analyst
119199.1,119199,11,Wind Energy Project Managers,Considerable Prep,16-Jul,Analyst
119199.11,119199,11,Brownfield Redevelopment Specialists and Site Managers,Considerable Prep,13-Jul,Analyst
131011,131011,13,"Agents and Business Managers of Artists, Performers, and Athletes",Considerable Prep,7-Jun,Analyst
131021,131021,13,"Buyers and Purchasing Agents, Farm Products",Considerable Prep,13-Jul,Analyst
131022,131022,13,"Wholesale and Retail Buyers, Except Farm Products",Medium Prep,15-Jul,Analyst
131023,131023,13,"Purchasing Agents, Except Wholesale, Retail, and Farm Products",Considerable Prep,11-Jul,Analyst
131031.01,131031,13,"Claims Examiners, Property and Casualty Insurance",Considerable Prep,10-Jun,Analyst
131031.02,131031,13,"Insurance Adjusters, Examiners, and Investigators",Medium Prep,9-Jun,Analyst
131032,131032,13,"Insurance Appraisers, Auto Damage",Medium Prep,16-Jul,Analyst
131041.01,131041,13,Environmental Compliance Inspectors,Considerable Prep,14-Jul,Analyst
131041.02,131041,13,Licensing Examiners and Inspectors,Medium Prep,15-Jul,Analyst
131041.03,131041,13,Equal Opportunity Representatives and Officers,Considerable Prep,15-Jul,Analyst
131041.04,131041,13,Government Property Inspectors and Investigators,Medium Prep,16-Jul,Analyst
131041.06,131041,13,Coroners,Medium Prep,12-Jul,Analyst
131041.07,131041,13,Regulatory Affairs Specialists,Considerable Prep,9-Jun,Analyst
131051,131051,13,Cost Estimators,Considerable Prep,16-Jul,Analyst
131071,131071,13,Human Resources Specialists,Considerable Prep,12-Jul,Analyst
131074,131074,13,Farm Labor Contractors,Some Prep,8-Jun,Analyst
131075,131075,13,Labor Relations Specialists,Considerable Prep,15-Jul,Analyst
131081,131081,13,Logisticians,Considerable Prep,16-Jul,Analyst
131081.01,131081,13,Logistics Engineers,Considerable Prep,11-Jul,Analyst
131081.02,131081,13,Logistics Analysts,Considerable Prep,11-Jul,Analyst
131111,131111,13,Management Analysts,Extensive prep,16-Jul,Analyst
131121,131121,13,"Meeting, Convention, and Event Planners",Considerable Prep,16-Jul,Analyst
131131,131131,13,Fundraisers,Considerable Prep,14-Jul,Analyst
131141,131141,13,"Compensation, Benefits, and Job Analysis Specialists",Considerable Prep,17-Jul,Analyst
131151,131151,13,Training and Development Specialists,Considerable Prep,14-Jul,Analyst
131161,131161,13,Market Research Analysts and Marketing Specialists,Considerable Prep,18-Aug,Analyst
131199.01,131199,13,Energy Auditors,Medium Prep,16-Jul,Analyst
131199.02,131199,13,Security Management Specialists,Considerable Prep,13-Jul,Analyst
131199.03,131199,13,Customs Brokers,Medium Prep,17-Jul,Analyst
131199.04,131199,13,Business Continuity Planners,Considerable Prep,18-Aug,Analyst
131199.05,131199,13,Sustainability Specialists,Considerable Prep,13-Jul,Analyst
131199.06,131199,13,Online Merchants,Considerable Prep,14-Jul,Analyst
132011.01,132011,13,Accountants,Considerable Prep,18-Aug,Analyst
132011.02,132011,13,Auditors,Considerable Prep,16-Jul,Analyst
132021.01,132021,13,Assessors,Medium Prep,11-Jul,Analyst
132021.02,132021,13,"Appraisers, Real Estate",Considerable Prep,14-Jul,Analyst
132031,132031,13,Budget Analysts,Considerable Prep,16-Jul,Analyst
132041,132041,13,Credit Analysts,Considerable Prep,9-Jun,Analyst
132051,132051,13,Financial Analysts,Considerable Prep,16-Jul,Analyst
132052,132052,13,Personal Financial Advisors,Considerable Prep,12-Jul,Analyst
132053,132053,13,Insurance Underwriters,Considerable Prep,18-Aug,Analyst
132061,132061,13,Financial Examiners,Considerable Prep,12-Jul,Analyst
132071,132071,13,Credit Counselors,Considerable Prep,13-Jul,Analyst
132071.01,132071,13,Loan Counselors,Considerable Prep,16-Jul,Analyst
132072,132072,13,Loan Officers,Medium Prep,11-Jul,Analyst
132081,132081,13,"Tax Examiners and Collectors, and Revenue Agents",Medium Prep,11-Jul,Analyst
132082,132082,13,Tax Preparers,Medium Prep,13-Jul,Analyst
132099.01,132099,13,Financial Quantitative Analysts,Extensive prep,17-Jul,Analyst
132099.02,132099,13,Risk Management Specialists,Considerable Prep,18-Aug,Analyst
132099.04,132099,13,"Fraud Examiners, Investigators and Analysts",Considerable Prep,17-Jul,Analyst
151111,151111,15,Computer and Information Research Scientists,Extensive prep,8-Jun,Analyst
151121,151121,15,Computer Systems Analysts,Considerable Prep,17-Jul,Analyst
151121.01,151121,15,Informatics Nurse Specialists,Considerable Prep,13-Jul,Analyst
151122,151122,15,Information Security Analysts,Considerable Prep,18-Aug,Analyst
151131,151131,15,Computer Programmers,Considerable Prep,18-Aug,Analyst
151132,151132,15,"Software Developers, Applications",Considerable Prep,16-Jul,Analyst
151133,151133,15,"Software Developers, Systems Software",Considerable Prep,13-Jul,Analyst
151134,151134,15,Web Developers,Medium Prep,17-Jul,Analyst
151141,151141,15,Database Administrators,Considerable Prep,16-Jul,Analyst
151142,151142,15,Network and Computer Systems Administrators,Considerable Prep,17-Jul,Analyst
151143,151143,15,Computer Network Architects,Considerable Prep,18-Aug,Analyst
151143.01,151143,15,Telecommunications Engineering Specialists,Medium Prep,13-Jul,Analyst
151151,151151,15,Computer User Support Specialists,Medium Prep,17-Jul,Analyst
151152,151152,15,Computer Network Support Specialists,Considerable Prep,14-Jul,Analyst
151199.01,151199,15,Software Quality Assurance Engineers and Testers,Considerable Prep,16-Jul,Analyst
151199.02,151199,15,Computer Systems Engineers/Architects,Considerable Prep,18-Aug,Analyst
151199.03,151199,15,Web Administrators,Considerable Prep,18-Aug,Analyst
151199.04,151199,15,Geospatial Information Scientists and Technologists,Considerable Prep,16-Jul,Analyst
151199.05,151199,15,Geographic Information Systems Technicians,Considerable Prep,11-Jul,Analyst
151199.06,151199,15,Database Architects,Considerable Prep,15-Jul,Analyst
151199.07,151199,15,Data Warehousing Specialists,Considerable Prep,18-Aug,Analyst
151199.08,151199,15,Business Intelligence Analysts,Considerable Prep,12-Jul,Analyst
151199.09,151199,15,Information Technology Project Managers,Considerable Prep,12-Jul,Analyst
151199.1,151199,15,Search Marketing Strategists,Considerable Prep,14-Jul,Analyst
151199.11,151199,15,Video Game Designers,Considerable Prep,12-Jul,Analyst
151199.12,151199,15,Document Management Specialists,Considerable Prep,13-Jul,Analyst
152011,152011,15,Actuaries,Considerable Prep,17-Jul,Analyst
152021,152021,15,Mathematicians,Extensive prep,12-Jul,Analyst
152031,152031,15,Operations Research Analysts,Extensive prep,17-Jul,Analyst
152041,152041,15,Statisticians,Extensive prep,12-Jul,Analyst
152041.01,152041,15,Biostatisticians,Extensive prep,14-Jul,Analyst
152041.02,152041,15,Clinical Data Managers,Considerable Prep,16-Jul,Analyst
152091,152091,15,Mathematical Technicians,Considerable Prep,8-Jun,Analyst
171011,171011,17,"Architects, Except Landscape and Naval",Considerable Prep,14-Jul,Analyst
171012,171012,17,Landscape Architects,Considerable Prep,13-Jul,Analyst
171021,171021,17,Cartographers and Photogrammetrists,Considerable Prep,18-Aug,Analyst
171022,171022,17,Surveyors,Considerable Prep,17-Jul,Analyst
171022.01,171022,17,Geodetic Surveyors,Considerable Prep,16-Jul,Analyst
172011,172011,17,Aerospace Engineers,Considerable Prep,15-Jul,Analyst
172021,172021,17,Agricultural Engineers,Considerable Prep,17-Jul,Analyst
172031,172031,17,Biomedical Engineers,Considerable Prep,17-Jul,Analyst
172041,172041,17,Chemical Engineers,Considerable Prep,17-Jul,Analyst
172051,172051,17,Civil Engineers,Considerable Prep,14-Jul,Analyst
172051.01,172051,17,Transportation Engineers,Considerable Prep,17-Jul,Analyst
172061,172061,17,Computer Hardware Engineers,Considerable Prep,13-Jul,Analyst
172071,172071,17,Electrical Engineers,Considerable Prep,15-Jul,Analyst
172072,172072,17,"Electronics Engineers, Except Computer",Considerable Prep,14-Jul,Analyst
172072.01,172072,17,Radio Frequency Identification Device Specialists,Considerable Prep,15-Jul,Analyst
172081,172081,17,Environmental Engineers,Extensive prep,12-Jul,Analyst
172081.01,172081,17,Water/Wastewater Engineers,Considerable Prep,12-Jul,Analyst
172111.01,172111,17,Industrial Safety and Health Engineers,Considerable Prep,18-Aug,Analyst
172111.02,172111,17,Fire-Prevention and Protection Engineers,Considerable Prep,13-Jul,Analyst
172111.03,172111,17,Product Safety Engineers,Considerable Prep,16-Jul,Analyst
172112,172112,17,Industrial Engineers,Considerable Prep,10-Jun,Analyst
172112.01,172112,17,Human Factors Engineers and Ergonomists,Extensive prep,12-Jul,Analyst
172121.01,172121,17,Marine Engineers,Considerable Prep,16-Jul,Analyst
172121.02,172121,17,Marine Architects,Considerable Prep,15-Jul,Analyst
172131,172131,17,Materials Engineers,Considerable Prep,12-Jul,Analyst
172141,172141,17,Mechanical Engineers,Considerable Prep,15-Jul,Analyst
172141.01,172141,17,Fuel Cell Engineers,Extensive prep,14-Jul,Analyst
172141.02,172141,17,Automotive Engineers,Considerable Prep,14-Jul,Analyst
172151,172151,17,"Mining and Geological Engineers, Including Mining Safety Engineers",Considerable Prep,18-Aug,Analyst
172161,172161,17,Nuclear Engineers,Considerable Prep,17-Jul,Analyst
172171,172171,17,Petroleum Engineers,Considerable Prep,10-Jun,Analyst
172199.01,172199,17,Biochemical Engineers,Considerable Prep,16-Jul,Analyst
172199.02,172199,17,Validation Engineers,Considerable Prep,18-Aug,Analyst
172199.03,172199,17,Energy Engineers,Considerable Prep,16-Jul,Analyst
172199.04,172199,17,Manufacturing Engineers,Considerable Prep,17-Jul,Analyst
172199.05,172199,17,Mechatronics Engineers,Considerable Prep,12-Jul,Analyst
172199.06,172199,17,Microsystems Engineers,Extensive prep,16-Jul,Analyst
172199.07,172199,17,Photonics Engineers,Considerable Prep,18-Aug,Analyst
172199.08,172199,17,Robotics Engineers,Considerable Prep,18-Aug,Analyst
172199.09,172199,17,Nanosystems Engineers,Extensive prep,15-Jul,Analyst
172199.1,172199,17,Wind Energy Engineers,Considerable Prep,12-Jul,Analyst
172199.11,172199,17,Solar Energy Systems Engineers,Considerable Prep,15-Jul,Analyst
173011.01,173011,17,Architectural Drafters,Considerable Prep,10-Jun,Analyst
173011.02,173011,17,Civil Drafters,Medium Prep,18-Aug,Analyst
173012.01,173012,17,Electronic Drafters,Medium Prep,12-Jul,Analyst
173012.02,173012,17,Electrical Drafters,Medium Prep,14-Jul,Analyst
173013,173013,17,Mechanical Drafters,Medium Prep,17-Jul,Analyst
173021,173021,17,Aerospace Engineering and Operations Technicians,Considerable Prep,6-Dec,Analyst
173022,173022,17,Civil Engineering Technicians,Medium Prep,17-Jul,Analyst
173023.01,173023,17,Electronics Engineering Technicians,Medium Prep,13-Jul,Analyst
173023.03,173023,17,Electrical Engineering Technicians,Medium Prep,14-Jul,Analyst
173024,173024,17,Electro-Mechanical Technicians,Medium Prep,15-Jul,Analyst
173024.01,173024,17,Robotics Technicians,Medium Prep,18-Aug,Analyst
173025,173025,17,Environmental Engineering Technicians,Considerable Prep,14-Jul,Analyst
173026,173026,17,Industrial Engineering Technicians,Medium Prep,14-Jul,Analyst
173027,173027,17,Mechanical Engineering Technicians,Medium Prep,18-Aug,Analyst
173027.01,173027,17,Automotive Engineering Technicians,Medium Prep,16-Jul,Analyst
173029.01,173029,17,Non-Destructive Testing Specialists,Some Prep,16-Jul,Analyst
173029.02,173029,17,Electrical Engineering Technologists,Considerable Prep,12-Jul,Analyst
173029.03,173029,17,Electromechanical Engineering Technologists,Considerable Prep,12-Jul,Analyst
173029.04,173029,17,Electronics Engineering Technologists,Medium Prep,18-Aug,Analyst
173029.05,173029,17,Industrial Engineering Technologists,Considerable Prep,12-Jul,Analyst
173029.06,173029,17,Manufacturing Engineering Technologists,Considerable Prep,17-Jul,Analyst
173029.07,173029,17,Mechanical Engineering Technologists,Medium Prep,12-Jul,Analyst
173029.08,173029,17,Photonics Technicians,Medium Prep,13-Jul,Analyst
173029.09,173029,17,Manufacturing Production Technicians,Medium Prep,17-Jul,Analyst
173029.11,173029,17,Nanotechnology Engineering Technologists,Considerable Prep,17-Jul,Analyst
173029.12,173029,17,Nanotechnology Engineering Technicians,Medium Prep,16-Jul,Analyst
173031.01,173031,17,Surveying Technicians,Medium Prep,17-Jul,Analyst
173031.02,173031,17,Mapping Technicians,Medium Prep,14-Jul,Analyst
191011,191011,19,Animal Scientists,Extensive prep,16-Jul,Analyst
191012,191012,19,Food Scientists and Technologists,Considerable Prep,10-Jun,Analyst
191013,191013,19,Soil and Plant Scientists,Extensive prep,14-Jul,Analyst
191020.01,191020,19,Biologists,Extensive prep,18-Aug,Analyst
191021,191021,19,Biochemists and Biophysicists,Extensive prep,12-Jul,Analyst
191022,191022,19,Microbiologists,Extensive prep,17-Jul,Analyst
191023,191023,19,Zoologists and Wildlife Biologists,Extensive prep,18-Aug,Analyst
191029.01,191029,19,Bioinformatics Scientists,Extensive prep,12-Jul,Analyst
191029.02,191029,19,Molecular and Cellular Biologists,Extensive prep,16-Jul,Analyst
191029.03,191029,19,Geneticists,Extensive prep,16-Jul,Analyst
191031.01,191031,19,Soil and Water Conservationists,Considerable Prep,11-Jul,Analyst
191031.02,191031,19,Range Managers,Considerable Prep,5-Dec,Analyst
191031.03,191031,19,Park Naturalists,Considerable Prep,16-Jul,Analyst
191032,191032,19,Foresters,Considerable Prep,15-Jul,Analyst
191041,191041,19,Epidemiologists,Extensive prep,16-Jul,Analyst
191042,191042,19,"Medical Scientists, Except Epidemiologists",Extensive prep,12-Jul,Analyst
192011,192011,19,Astronomers,Extensive prep,11-Jul,Analyst
192012,192012,19,Physicists,Extensive prep,6-Dec,Analyst
192021,192021,19,Atmospheric and Space Scientists,Considerable Prep,12-Jul,Analyst
192031,192031,19,Chemists,Considerable Prep,13-Jul,Analyst
192032,192032,19,Materials Scientists,Extensive prep,12-Jul,Analyst
192041,192041,19,"Environmental Scientists and Specialists, Including Health",Considerable Prep,13-Jul,Analyst
192041.01,192041,19,Climate Change Analysts,Extensive prep,13-Jul,Analyst
192041.02,192041,19,Environmental Restoration Planners,Extensive prep,13-Jul,Analyst
192041.03,192041,19,Industrial Ecologists,Extensive prep,15-Jul,Analyst
192042,192042,19,"Geoscientists, Except Hydrologists and Geographers",Considerable Prep,13-Jul,Analyst
192043,192043,19,Hydrologists,Extensive prep,18-Aug,Analyst
192099.01,192099,19,Remote Sensing Scientists and Technologists,Extensive prep,16-Jul,Analyst
193011,193011,19,Economists,Extensive prep,11-Jul,Analyst
193011.01,193011,19,Environmental Economists,Extensive prep,12-Jul,Analyst
193022,193022,19,Survey Researchers,Extensive prep,11-Jul,Analyst
193031.01,193031,19,School Psychologists,Extensive prep,10-Jun,Analyst
193031.02,193031,19,Clinical Psychologists,Extensive prep,12-Jul,Analyst
193031.03,193031,19,Counseling Psychologists,Extensive prep,12-Jul,Analyst
193032,193032,19,Industrial-Organizational Psychologists,Extensive prep,12-Jul,Analyst
193039.01,193039,19,Neuropsychologists and Clinical Neuropsychologists,Extensive prep,17-Jul,Analyst
193041,193041,19,Sociologists,Extensive prep,16-Jul,Analyst
193051,193051,19,Urban and Regional Planners,Extensive prep,14-Jul,Analyst
193091.01,193091,19,Anthropologists,Extensive prep,18-Aug,Analyst
193091.02,193091,19,Archeologists,Extensive prep,12-Jul,Analyst
193092,193092,19,Geographers,Extensive prep,16-Jul,Analyst
193093,193093,19,Historians,Extensive prep,15-Jul,Analyst
193094,193094,19,Political Scientists,Extensive prep,17-Jul,Analyst
193099.01,193099,19,Transportation Planners,Considerable Prep,17-Jul,Analyst
194011.01,194011,19,Agricultural Technicians,Medium Prep,14-Jul,Analyst
194011.02,194011,19,Food Science Technicians,Medium Prep,13-Jul,Analyst
194021,194021,19,Biological Technicians,Considerable Prep,17-Jul,Analyst
194031,194031,19,Chemical Technicians,Medium Prep,14-Jul,Analyst
194041.01,194041,19,Geophysical Data Technicians,Considerable Prep,6-Dec,Analyst
194041.02,194041,19,Geological Sample Test Technicians,Considerable Prep,15-Jul,Analyst
194051.01,194051,19,Nuclear Equipment Operation Technicians,Medium Prep,17-Jul,Analyst
194051.02,194051,19,Nuclear Monitoring Technicians,Medium Prep,14-Jul,Analyst
194061,194061,19,Social Science Research Assistants,Considerable Prep,7-Jun,Analyst
194061.01,194061,19,City and Regional Planning Aides,Considerable Prep,8-Jun,Analyst
194091,194091,19,"Environmental Science and Protection Technicians, Including Health",Considerable Prep,16-Jul,Analyst
194092,194092,19,Forensic Science Technicians,Considerable Prep,13-Jul,Analyst
194093,194093,19,Forest and Conservation Technicians,Medium Prep,18-Aug,Analyst
194099.01,194099,19,Quality Control Analysts,Medium Prep,12-Jul,Analyst
194099.02,194099,19,Precision Agriculture Technicians,Considerable Prep,16-Jul,Analyst
194099.03,194099,19,Remote Sensing Technicians,Considerable Prep,12-Jul,Analyst
211011,211011,21,Substance Abuse and Behavioral Disorder Counselors,Extensive prep,14-Jul,Analyst
211012,211012,21,"Educational, Guidance, School, and Vocational Counselors",Extensive prep,18-Aug,Analyst
211013,211013,21,Marriage and Family Therapists,Extensive prep,12-Jul,Analyst
211014,211014,21,Mental Health Counselors,Extensive prep,13-Jul,Analyst
211015,211015,21,Rehabilitation Counselors,Extensive prep,12-Jul,Analyst
211021,211021,21,"Child, Family, and School Social Workers",Considerable Prep,18-Aug,Analyst
211022,211022,21,Healthcare Social Workers,Extensive prep,14-Jul,Analyst
211023,211023,21,Mental Health and Substance Abuse Social Workers,Extensive prep,13-Jul,Analyst
211091,211091,21,Health Educators,Considerable Prep,12-Jul,Analyst
211092,211092,21,Probation Officers and Correctional Treatment Specialists,Considerable Prep,11-Jul,Analyst
211093,211093,21,Social and Human Service Assistants,Considerable Prep,13-Jul,Analyst
211094,211094,21,Community Health Workers,Considerable Prep,13-Jul,Analyst
212011,212011,21,Clergy,Extensive prep,15-Jul,Analyst
212021,212021,21,"Directors, Religious Activities and Education",Considerable Prep,15-Jul,Analyst
231011,231011,23,Lawyers,Extensive prep,16-Jul,Analyst
231012,231012,23,Judicial Law Clerks,Extensive prep,13-Jul,Analyst
231021,231021,23,"Administrative Law Judges, Adjudicators, and Hearing Officers",Extensive prep,11-Jul,Analyst
231022,231022,23,"Arbitrators, Mediators, and Conciliators",Extensive prep,12-Jul,Analyst
231023,231023,23,"Judges, Magistrate Judges, and Magistrates",Extensive prep,11-Jul,Analyst
232011,232011,23,Paralegals and Legal Assistants,Medium Prep,18-Aug,Analyst
232091,232091,23,Court Reporters,Medium Prep,11-Jul,Analyst
232093,232093,23,"Title Examiners, Abstractors, and Searchers",Some Prep,17-Jul,Analyst
251011,251011,25,"Business Teachers, Postsecondary",Extensive prep,11-Jul,Analyst
251021,251021,25,"Computer Science Teachers, Postsecondary",Extensive prep,11-Jul,Analyst
251022,251022,25,"Mathematical Science Teachers, Postsecondary",Extensive prep,11-Jul,Analyst
251031,251031,25,"Architecture Teachers, Postsecondary",Extensive prep,11-Jul,Analyst
251032,251032,25,"Engineering Teachers, Postsecondary",Extensive prep,11-Jul,Analyst
251041,251041,25,"Agricultural Sciences Teachers, Postsecondary",Extensive prep,11-Jul,Analyst
251042,251042,25,"Biological Science Teachers, Postsecondary",Extensive prep,11-Jul,Analyst
251043,251043,25,"Forestry and Conservation Science Teachers, Postsecondary",Extensive prep,11-Jul,Analyst
251051,251051,25,"Atmospheric, Earth, Marine, and Space Sciences Teachers, Postsecondary",Extensive prep,11-Jul,Analyst
251052,251052,25,"Chemistry Teachers, Postsecondary",Extensive prep,11-Jul,Analyst
251053,251053,25,"Environmental Science Teachers, Postsecondary",Extensive prep,11-Jul,Analyst
251054,251054,25,"Physics Teachers, Postsecondary",Extensive prep,11-Jul,Analyst
251061,251061,25,"Anthropology and Archeology Teachers, Postsecondary",Extensive prep,11-Jul,Analyst
251062,251062,25,"Area, Ethnic, and Cultural Studies Teachers, Postsecondary",Extensive prep,11-Jul,Analyst
251063,251063,25,"Economics Teachers, Postsecondary",Extensive prep,11-Jul,Analyst
251064,251064,25,"Geography Teachers, Postsecondary",Extensive prep,11-Jul,Analyst
251065,251065,25,"Political Science Teachers, Postsecondary",Extensive prep,11-Jul,Analyst
251066,251066,25,"Psychology Teachers, Postsecondary",Extensive prep,11-Jul,Analyst
251067,251067,25,"Sociology Teachers, Postsecondary",Extensive prep,11-Jul,Analyst
251071,251071,25,"Health Specialties Teachers, Postsecondary",Extensive prep,11-Jul,Analyst
251072,251072,25,"Nursing Instructors and Teachers, Postsecondary",Extensive prep,11-Jul,Analyst
251081,251081,25,"Education Teachers, Postsecondary",Extensive prep,11-Jul,Analyst
251082,251082,25,"Library Science Teachers, Postsecondary",Extensive prep,11-Jul,Analyst
251111,251111,25,"Criminal Justice and Law Enforcement Teachers, Postsecondary",Extensive prep,11-Jul,Analyst
251112,251112,25,"Law Teachers, Postsecondary",Extensive prep,11-Jul,Analyst
251113,251113,25,"Social Work Teachers, Postsecondary",Extensive prep,14-Jul,Analyst
251121,251121,25,"Art, Drama, and Music Teachers, Postsecondary",Extensive prep,11-Jul,Analyst
251122,251122,25,"Communications Teachers, Postsecondary",Extensive prep,11-Jul,Analyst
251123,251123,25,"English Language and Literature Teachers, Postsecondary",Extensive prep,11-Jul,Analyst
251124,251124,25,"Foreign Language and Literature Teachers, Postsecondary",Extensive prep,11-Jul,Analyst
251125,251125,25,"History Teachers, Postsecondary",Extensive prep,11-Jul,Analyst
251126,251126,25,"Philosophy and Religion Teachers, Postsecondary",Extensive prep,11-Jul,Analyst
251191,251191,25,Graduate Teaching Assistants,Extensive prep,16-Jul,Analyst
251192,251192,25,"Home Economics Teachers, Postsecondary",Extensive prep,11-Jul,Analyst
251193,251193,25,"Recreation and Fitness Studies Teachers, Postsecondary",Extensive prep,11-Jul,Analyst
251194,251194,25,"Vocational Education Teachers, Postsecondary",Medium Prep,11-Jul,Analyst
252011,252011,25,"Preschool Teachers, Except Special Education",Medium Prep,10-Jun,Analyst
252012,252012,25,"Kindergarten Teachers, Except Special Education",Considerable Prep,18-Aug,Analyst
252021,252021,25,"Elementary School Teachers, Except Special Education",Considerable Prep,18-Aug,Analyst
252022,252022,25,"Middle School Teachers, Except Special and Career/Technical Education",Considerable Prep,18-Aug,Analyst
252023,252023,25,"Career/Technical Education Teachers, Middle School",Considerable Prep,18-Aug,Analyst
252031,252031,25,"Secondary School Teachers, Except Special and Career/Technical Education",Considerable Prep,18-Aug,Analyst
252032,252032,25,"Career/Technical Education Teachers, Secondary School",Considerable Prep,18-Aug,Analyst
252052,252052,25,"Special Education Teachers, Kindergarten and Elementary School",Considerable Prep,15-Jul,Analyst
252053,252053,25,"Special Education Teachers, Middle School",Considerable Prep,18-Aug,Analyst
252054,252054,25,"Special Education Teachers, Secondary School",Considerable Prep,18-Aug,Analyst
252059.01,252059,25,Adapted Physical Education Specialists,Considerable Prep,12-Jul,Analyst
253011,253011,25,Adult Basic and Secondary Education and Literacy Teachers and Instructors,Considerable Prep,18-Aug,Analyst
253021,253021,25,Self-Enrichment Education Teachers,Medium Prep,11-Jul,Analyst
253099.02,253099,25,Tutors,Considerable Prep,14-Jul,Analyst
254011,254011,25,Archivists,Extensive prep,11-Jul,Analyst
254012,254012,25,Curators,Extensive prep,18-Aug,Analyst
254013,254013,25,Museum Technicians and Conservators,Considerable Prep,18-Aug,Analyst
254021,254021,25,Librarians,Extensive prep,17-Jul,Analyst
254031,254031,25,Library Technicians,Medium Prep,17-Jul,Analyst
259011,259011,25,Audio-Visual and Multimedia Collections Specialists,Considerable Prep,10-Jun,Analyst
259021,259021,25,Farm and Home Management Advisors,Extensive prep,15-Jul,Analyst
259031,259031,25,Instructional Coordinators,Extensive prep,18-Aug,Analyst
259031.01,259031,25,Instructional Designers and Technologists,Extensive prep,13-Jul,Analyst
259041,259041,25,Teacher Assistants,Medium Prep,18-Aug,Analyst
271011,271011,27,Art Directors,Considerable Prep,12-Jul,Analyst
271012,271012,27,Craft Artists,Medium Prep,16-Jul,Analyst
271013,271013,27,"Fine Artists, Including Painters, Sculptors, and Illustrators",Medium Prep,17-Jul,Analyst
271014,271014,27,Multimedia Artists and Animators,Considerable Prep,10-Jun,Analyst
271021,271021,27,Commercial and Industrial Designers,Considerable Prep,10-Jun,Analyst
271022,271022,27,Fashion Designers,Medium Prep,7-Jun,Analyst
271023,271023,27,Floral Designers,Some Prep,15-Jul,Analyst
271024,271024,27,Graphic Designers,Considerable Prep,16-Jul,Analyst
271025,271025,27,Interior Designers,Considerable Prep,17-Jul,Analyst
271026,271026,27,Merchandise Displayers and Window Trimmers,Medium Prep,15-Jul,Analyst
271027,271027,27,Set and Exhibit Designers,Extensive prep,14-Jul,Analyst
272011,272011,27,Actors,Some Prep,17-Jul,Analyst
272012.01,272012,27,Producers,Considerable Prep,11-Jul,Analyst
272012.02,272012,27,"Directors- Stage, Motion Pictures, Television, and Radio",Considerable Prep,10-Jun,Analyst
272012.03,272012,27,Program Directors,Considerable Prep,12-Jul,Analyst
272012.04,272012,27,Talent Directors,Considerable Prep,6-Dec,Analyst
272012.05,272012,27,Technical Directors/Managers,Considerable Prep,10-Jun,Analyst
272021,272021,27,Athletes and Sports Competitors,Some Prep,16-Jul,Analyst
272022,272022,27,Coaches and Scouts,Considerable Prep,11-Jul,Analyst
272023,272023,27,"Umpires, Referees, and Other Sports Officials",Medium Prep,14-Jul,Analyst
272031,272031,27,Dancers,Medium Prep,5-Dec,Analyst
272032,272032,27,Choreographers,Considerable Prep,18-Aug,Analyst
272041.01,272041,27,Music Directors,Considerable Prep,17-Jul,Analyst
272041.04,272041,27,Music Composers and Arrangers,Medium Prep,7-Jun,Analyst
272042.01,272042,27,Singers,Some Prep,7-Jun,Analyst
272042.02,272042,27,"Musicians, Instrumental",Considerable Prep,16-Jul,Analyst
273011,273011,27,Radio and Television Announcers,Considerable Prep,16-Jul,Analyst
273012,273012,27,Public Address System and Other Announcers,Some Prep,16-Jul,Analyst
273021,273021,27,Broadcast News Analysts,Considerable Prep,17-Jul,Analyst
273022,273022,27,Reporters and Correspondents,Considerable Prep,14-Jul,Analyst
273031,273031,27,Public Relations Specialists,Considerable Prep,14-Jul,Analyst
273041,273041,27,Editors,Considerable Prep,17-Jul,Analyst
273042,273042,27,Technical Writers,Considerable Prep,12-Jul,Analyst
273043.04,273043,27,Copy Writers,Considerable Prep,9-Jun,Analyst
273043.05,273043,27,"Poets, Lyricists and Creative Writers",Considerable Prep,17-Jul,Analyst
273091,273091,27,Interpreters and Translators,Considerable Prep,12-Jul,Analyst
274011,274011,27,Audio and Video Equipment Technicians,Medium Prep,18-Aug,Analyst
274012,274012,27,Broadcast Technicians,Medium Prep,10-Jun,Analyst
274013,274013,27,Radio Operators,Medium Prep,8-Jun,Analyst
274014,274014,27,Sound Engineering Technicians,Medium Prep,10-Jun,Analyst
274021,274021,27,Photographers,Medium Prep,14-Jul,Analyst
274031,274031,27,"Camera Operators, Television, Video, and Motion Picture",Medium Prep,10-Jun,Analyst
274032,274032,27,Film and Video Editors,Medium Prep,10-Jun,Analyst
291011,291011,29,Chiropractors,Extensive prep,13-Jul,Analyst
291021,291021,29,"Dentists, General",Extensive prep,14-Jul,Analyst
291022,291022,29,Oral and Maxillofacial Surgeons,Extensive prep,12-Jul,Analyst
291023,291023,29,Orthodontists,Extensive prep,12-Jul,Analyst
291024,291024,29,Prosthodontists,Extensive prep,12-Jul,Analyst
291031,291031,29,Dietitians and Nutritionists,Extensive prep,14-Jul,Analyst
291041,291041,29,Optometrists,Extensive prep,14-Jul,Analyst
291051,291051,29,Pharmacists,Extensive prep,13-Jul,Analyst
291061,291061,29,Anesthesiologists,Extensive prep,12-Jul,Analyst
291062,291062,29,Family and General Practitioners,Extensive prep,11-Jul,Analyst
291063,291063,29,"Internists, General",Extensive prep,12-Jul,Analyst
291064,291064,29,Obstetricians and Gynecologists,Extensive prep,11-Jul,Analyst
291065,291065,29,"Pediatricians, General",Extensive prep,12-Jul,Analyst
291066,291066,29,Psychiatrists,Extensive prep,14-Jul,Analyst
291067,291067,29,Surgeons,Extensive prep,11-Jul,Analyst
291069.01,291069,29,Allergists and Immunologists,Extensive prep,12-Jul,Analyst
291069.02,291069,29,Dermatologists,Extensive prep,12-Jul,Analyst
291069.03,291069,29,Hospitalists,Extensive prep,14-Jul,Analyst
291069.04,291069,29,Neurologists,Extensive prep,12-Jul,Analyst
291069.05,291069,29,Nuclear Medicine Physicians,Extensive prep,14-Jul,Analyst
291069.06,291069,29,Ophthalmologists,Extensive prep,12-Jul,Analyst
291069.07,291069,29,Pathologists,Extensive prep,11-Jul,Analyst
291069.08,291069,29,Physical Medicine and Rehabilitation Physicians,Extensive prep,12-Jul,Analyst
291069.09,291069,29,Preventive Medicine Physicians,Extensive prep,16-Jul,Analyst
291069.1,291069,29,Radiologists,Extensive prep,12-Jul,Analyst
291069.11,291069,29,Sports Medicine Physicians,Extensive prep,12-Jul,Analyst
291069.12,291069,29,Urologists,Extensive prep,12-Jul,Analyst
291071,291071,29,Physician Assistants,Extensive prep,14-Jul,Analyst
291071.01,291071,29,Anesthesiologist Assistants,Extensive prep,12-Jul,Analyst
291081,291081,29,Podiatrists,Extensive prep,11-Jul,Analyst
291122,291122,29,Occupational Therapists,Extensive prep,14-Jul,Analyst
291122.01,291122,29,"Low Vision Therapists, Orientation and Mobility Specialists, and Vision Rehabilitation Therapists",Extensive prep,14-Jul,Analyst
291123,291123,29,Physical Therapists,Extensive prep,13-Jul,Analyst
291124,291124,29,Radiation Therapists,Medium Prep,13-Jul,Analyst
291125,291125,29,Recreational Therapists,Considerable Prep,16-Jul,Analyst
291125.01,291125,29,Art Therapists,Extensive prep,14-Jul,Analyst
291125.02,291125,29,Music Therapists,Considerable Prep,14-Jul,Analyst
291126,291126,29,Respiratory Therapists,Medium Prep,13-Jul,Analyst
291127,291127,29,Speech-Language Pathologists,Extensive prep,13-Jul,Analyst
291128,291128,29,Exercise Physiologists,Extensive prep,13-Jul,Analyst
291131,291131,29,Veterinarians,Extensive prep,13-Jul,Analyst
291141,291141,29,Registered Nurses,Medium Prep,13-Jul,Analyst
291141.01,291141,29,Acute Care Nurses,Medium Prep,14-Jul,Analyst
291141.02,291141,29,Advanced Practice Psychiatric Nurses,Extensive prep,14-Jul,Analyst
291141.03,291141,29,Critical Care Nurses,Medium Prep,14-Jul,Analyst
291141.04,291141,29,Clinical Nurse Specialists,Extensive prep,13-Jul,Analyst
291151,291151,29,Nurse Anesthetists,Extensive prep,14-Jul,Analyst
291161,291161,29,Nurse Midwives,Extensive prep,14-Jul,Analyst
291171,291171,29,Nurse Practitioners,Extensive prep,14-Jul,Analyst
291181,291181,29,Audiologists,Extensive prep,14-Jul,Analyst
291199.01,291199,29,Acupuncturists,Extensive prep,11-Jul,Analyst
291199.04,291199,29,Naturopathic Physicians,Extensive prep,13-Jul,Analyst
291199.05,291199,29,Orthoptists,Extensive prep,16-Jul,Analyst
292011,292011,29,Medical and Clinical Laboratory Technologists,Considerable Prep,13-Jul,Analyst
292011.01,292011,29,Cytogenetic Technologists,Considerable Prep,14-Jul,Analyst
292011.02,292011,29,Cytotechnologists,Extensive prep,14-Jul,Analyst
292011.03,292011,29,Histotechnologists and Histologic Technicians,Medium Prep,14-Jul,Analyst
292012,292012,29,Medical and Clinical Laboratory Technicians,Medium Prep,14-Jul,Analyst
292021,292021,29,Dental Hygienists,Medium Prep,13-Jul,Analyst
292031,292031,29,Cardiovascular Technologists and Technicians,Medium Prep,14-Jul,Analyst
292032,292032,29,Diagnostic Medical Sonographers,Medium Prep,13-Jul,Analyst
292033,292033,29,Nuclear Medicine Technologists,Medium Prep,13-Jul,Analyst
292034,292034,29,Radiologic Technologists,Medium Prep,13-Jul,Analyst
292035,292035,29,Magnetic Resonance Imaging Technologists,Medium Prep,17-Jul,Analyst
292041,292041,29,Emergency Medical Technicians and Paramedics,Medium Prep,13-Jul,Analyst
292051,292051,29,Dietetic Technicians,Some Prep,13-Jul,Analyst
292052,292052,29,Pharmacy Technicians,Medium Prep,13-Jul,Analyst
292053,292053,29,Psychiatric Technicians,Medium Prep,14-Jul,Analyst
292054,292054,29,Respiratory Therapy Technicians,Medium Prep,14-Jul,Analyst
292055,292055,29,Surgical Technologists,Medium Prep,13-Jul,Analyst
292056,292056,29,Veterinary Technologists and Technicians,Medium Prep,13-Jul,Analyst
292057,292057,29,Ophthalmic Medical Technicians,Medium Prep,13-Jul,Analyst
292061,292061,29,Licensed Practical and Licensed Vocational Nurses,Medium Prep,13-Jul,Analyst
292071,292071,29,Medical Records and Health Information Technicians,Medium Prep,13-Jul,Analyst
292081,292081,29,"Opticians, Dispensing",Medium Prep,15-Jul,Analyst
292091,292091,29,Orthotists and Prosthetists,Extensive prep,12-Jul,Analyst
292092,292092,29,Hearing Aid Specialists,Medium Prep,12-Jul,Analyst
292099.01,292099,29,Neurodiagnostic Technologists,Medium Prep,14-Jul,Analyst
292099.05,292099,29,Ophthalmic Medical Technologists,Medium Prep,13-Jul,Analyst
292099.06,292099,29,Radiologic Technicians,Medium Prep,13-Jul,Analyst
292099.07,292099,29,Surgical Assistants,Medium Prep,15-Jul,Analyst
299011,299011,29,Occupational Health and Safety Specialists,Considerable Prep,12-Jul,Analyst
299012,299012,29,Occupational Health and Safety Technicians,Medium Prep,12-Jul,Analyst
299091,299091,29,Athletic Trainers,Extensive prep,14-Jul,Analyst
299092,299092,29,Genetic Counselors,Extensive prep,14-Jul,Analyst
299099.01,299099,29,Midwives,Considerable Prep,12-Jul,Analyst
311011,311011,31,Home Health Aides,Some Prep,14-Jul,Analyst
311013,311013,31,Psychiatric Aides,Some Prep,14-Jul,Analyst
311014,311014,31,Nursing Assistants,Some Prep,13-Jul,Analyst
311015,311015,31,Orderlies,Some Prep,16-Jul,Analyst
312011,312011,31,Occupational Therapy Assistants,Medium Prep,14-Jul,Analyst
312012,312012,31,Occupational Therapy Aides,Medium Prep,12-Jul,Analyst
312021,312021,31,Physical Therapist Assistants,Medium Prep,13-Jul,Analyst
312022,312022,31,Physical Therapist Aides,Some Prep,13-Jul,Analyst
319011,319011,31,Massage Therapists,Medium Prep,15-Jul,Analyst
319091,319091,31,Dental Assistants,Medium Prep,13-Jul,Analyst
319092,319092,31,Medical Assistants,Medium Prep,13-Jul,Analyst
319093,319093,31,Medical Equipment Preparers,Some Prep,14-Jul,Analyst
319094,319094,31,Medical Transcriptionists,Medium Prep,12-Jul,Analyst
319095,319095,31,Pharmacy Aides,Some Prep,14-Jul,Analyst
319096,319096,31,Veterinary Assistants and Laboratory Animal Caretakers,Medium Prep,13-Jul,Analyst
319097,319097,31,Phlebotomists,Medium Prep,12-Jul,Analyst
319099.01,319099,31,Speech-Language Pathology Assistants,Medium Prep,11-Jul,Analyst
319099.02,319099,31,Endoscopy Technicians,Medium Prep,16-Jul,Analyst
331011,331011,33,First-Line Supervisors of Correctional Officers,Medium Prep,12-Jul,Analyst
331012,331012,33,First-Line Supervisors of Police and Detectives,Medium Prep,16-Jul,Analyst
331021.01,331021,33,Municipal Fire Fighting and Prevention Supervisors,Medium Prep,17-Jul,Analyst
331021.02,331021,33,Forest Fire Fighting and Prevention Supervisors,Medium Prep,14-Jul,Analyst
332011.01,332011,33,Municipal Firefighters,Medium Prep,17-Jul,Analyst
332011.02,332011,33,Forest Firefighters,Some Prep,18-Aug,Analyst
332021.01,332021,33,Fire Inspectors,Medium Prep,17-Jul,Analyst
332021.02,332021,33,Fire Investigators,Medium Prep,18-Aug,Analyst
332022,332022,33,Forest Fire Inspectors and Prevention Specialists,Medium Prep,6-Dec,Analyst
333011,333011,33,Bailiffs,Some Prep,11-Jul,Analyst
333012,333012,33,Correctional Officers and Jailers,Some Prep,16-Jul,Analyst
333021.01,333021,33,Police Detectives,Medium Prep,16-Jul,Analyst
333021.02,333021,33,Police Identification and Records Officers,Medium Prep,18-Aug,Analyst
333021.03,333021,33,Criminal Investigators and Special Agents,Medium Prep,11-Jul,Analyst
333021.05,333021,33,Immigration and Customs Inspectors,Medium Prep,12-Jul,Analyst
333021.06,333021,33,Intelligence Analysts,Considerable Prep,12-Jul,Analyst
333031,333031,33,Fish and Game Wardens,Considerable Prep,14-Jul,Analyst
333041,333041,33,Parking Enforcement Workers,Some Prep,16-Jul,Analyst
333051.01,333051,33,Police Patrol Officers,Medium Prep,16-Jul,Analyst
333051.03,333051,33,Sheriffs and Deputy Sheriffs,Medium Prep,12-Jul,Analyst
333052,333052,33,Transit and Railroad Police,Medium Prep,17-Jul,Analyst
339011,339011,33,Animal Control Workers,Some Prep,18-Aug,Analyst
339021,339021,33,Private Detectives and Investigators,Medium Prep,15-Jul,Analyst
339031,339031,33,Gaming Surveillance Officers and Gaming Investigators,Some Prep,11-Jul,Analyst
339032,339032,33,Security Guards,Some Prep,16-Jul,Analyst
339091,339091,33,Crossing Guards,Some Prep,16-Jul,Analyst
339092,339092,33,"Lifeguards, Ski Patrol, and Other Recreational Protective Service Workers",Some Prep,11-Jul,Analyst
339093,339093,33,Transportation Security Screeners,Some Prep,9-Jun,Analyst
339099.02,339099,33,Retail Loss Prevention Specialists,Some Prep,14-Jul,Analyst
351011,351011,35,Chefs and Head Cooks,Medium Prep,13-Jul,Analyst
351012,351012,35,First-Line Supervisors of Food Preparation and Serving Workers,Some Prep,17-Jul,Analyst
352011,352011,35,"Cooks, Fast Food",No Prep,11-Jul,Analyst
352012,352012,35,"Cooks, Institution and Cafeteria",Some Prep,12-Jul,Analyst
352013,352013,35,"Cooks, Private Household",Medium Prep,16-Jul,Analyst
352014,352014,35,"Cooks, Restaurant",Some Prep,18-Aug,Analyst
352015,352015,35,"Cooks, Short Order",Some Prep,18-Aug,Analyst
352021,352021,35,Food Preparation Workers,No Prep,17-Jul,Analyst
353011,353011,35,Bartenders,Some Prep,17-Jul,Analyst
353021,353021,35,"Combined Food Preparation and Serving Workers, Including Fast Food",No Prep,17-Jul,Analyst
353022,353022,35,"Counter Attendants, Cafeteria, Food Concession, and Coffee Shop",No Prep,18-Aug,Analyst
353022.01,353022,35,Baristas,No Prep,15-Jul,Analyst
353031,353031,35,Waiters and Waitresses,Some Prep,18-Aug,Analyst
353041,353041,35,"Food Servers, Nonrestaurant",No Prep,14-Jul,Analyst
359011,359011,35,Dining Room and Cafeteria Attendants and Bartender Helpers,No Prep,14-Jul,Analyst
359021,359021,35,Dishwashers,No Prep,14-Jul,Analyst
359031,359031,35,"Hosts and Hostesses, Restaurant, Lounge, and Coffee Shop",Some Prep,18-Aug,Analyst
371011,371011,37,First-Line Supervisors of Housekeeping and Janitorial Workers,Some Prep,11-Jul,Analyst
371012,371012,37,"First-Line Supervisors of Landscaping, Lawn Service, and Groundskeeping Workers",Medium Prep,15-Jul,Analyst
372011,372011,37,"Janitors and Cleaners, Except Maids and Housekeeping Cleaners",Some Prep,14-Jul,Analyst
372012,372012,37,Maids and Housekeeping Cleaners,Some Prep,12-Jul,Analyst
372021,372021,37,Pest Control Workers,Some Prep,15-Jul,Analyst
373011,373011,37,Landscaping and Groundskeeping Workers,No Prep,15-Jul,Analyst
373012,373012,37,"Pesticide Handlers, Sprayers, and Applicators, Vegetation",Some Prep,15-Jul,Analyst
373013,373013,37,Tree Trimmers and Pruners,Some Prep,18-Aug,Analyst
391011,391011,39,Gaming Supervisors,Some Prep,14-Jul,Analyst
391012,391012,39,Slot Supervisors,Some Prep,17-Jul,Analyst
391021,391021,39,First-Line Supervisors of Personal Service Workers,Medium Prep,15-Jul,Analyst
391021.01,391021,39,Spa Managers,Medium Prep,12-Jul,Analyst
392011,392011,39,Animal Trainers,Some Prep,14-Jul,Analyst
392021,392021,39,Nonfarm Animal Caretakers,No Prep,11-Jul,Analyst
393011,393011,39,Gaming Dealers,Some Prep,11-Jul,Analyst
393012,393012,39,Gaming and Sports Book Writers and Runners,Some Prep,14-Jul,Analyst
393021,393021,39,Motion Picture Projectionists,Some Prep,5-Dec,Analyst
393031,393031,39,"Ushers, Lobby Attendants, and Ticket Takers",Some Prep,15-Jul,Analyst
393091,393091,39,Amusement and Recreation Attendants,No Prep,11-Jul,Analyst
393092,393092,39,Costume Attendants,Some Prep,16-Jul,Analyst
393093,393093,39,"Locker Room, Coatroom, and Dressing Room Attendants",Some Prep,11-Jul,Analyst
394011,394011,39,Embalmers,Medium Prep,12-Jul,Analyst
394021,394021,39,Funeral Attendants,Some Prep,14-Jul,Analyst
394031,394031,39,"Morticians, Undertakers, and Funeral Directors",Medium Prep,17-Jul,Analyst
395011,395011,39,Barbers,Medium Prep,18-Aug,Analyst
395012,395012,39,"Hairdressers, Hairstylists, and Cosmetologists",Medium Prep,16-Jul,Analyst
395091,395091,39,"Makeup Artists, Theatrical and Performance",Medium Prep,18-Aug,Analyst
395092,395092,39,Manicurists and Pedicurists,Some Prep,15-Jul,Analyst
395093,395093,39,Shampooers,Some Prep,8-Jun,Analyst
395094,395094,39,Skincare Specialists,Medium Prep,12-Jul,Analyst
396011,396011,39,Baggage Porters and Bellhops,Some Prep,18-Aug,Analyst
396012,396012,39,Concierges,Medium Prep,12-Jul,Analyst
397011,397011,39,Tour Guides and Escorts,Medium Prep,11-Jul,Analyst
397012,397012,39,Travel Guides,Medium Prep,7-Jun,Analyst
399011,399011,39,Childcare Workers,Some Prep,18-Aug,Analyst
399011.01,399011,39,Nannies,Some Prep,18-Aug,Analyst
399021,399021,39,Personal Care Aides,Some Prep,14-Jul,Analyst
399031,399031,39,Fitness Trainers and Aerobics Instructors,Medium Prep,14-Jul,Analyst
399032,399032,39,Recreation Workers,Considerable Prep,17-Jul,Analyst
399041,399041,39,Residential Advisors,Medium Prep,11-Jul,Analyst
411011,411011,41,First-Line Supervisors of Retail Sales Workers,Some Prep,18-Aug,Analyst
411012,411012,41,First-Line Supervisors of Non-Retail Sales Workers,Considerable Prep,12-Jul,Analyst
412011,412011,41,Cashiers,Some Prep,18-Aug,Analyst
412012,412012,41,Gaming Change Persons and Booth Cashiers,Some Prep,11-Jul,Analyst
412021,412021,41,Counter and Rental Clerks,No Prep,10-Jun,Analyst
412022,412022,41,Parts Salespersons,Some Prep,15-Jul,Analyst
412031,412031,41,Retail Salespersons,Some Prep,18-Aug,Analyst
413011,413011,41,Advertising Sales Agents,Considerable Prep,18-Aug,Analyst
413021,413021,41,Insurance Sales Agents,Considerable Prep,18-Aug,Analyst
413031.01,413031,41,"Sales Agents, Securities and Commodities",Considerable Prep,15-Jul,Analyst
413031.02,413031,41,"Sales Agents, Financial Services",Medium Prep,13-Jul,Analyst
413031.03,413031,41,Securities and Commodities Traders,Considerable Prep,15-Jul,Analyst
413041,413041,41,Travel Agents,Medium Prep,16-Jul,Analyst
413099.01,413099,41,Energy Brokers,Considerable Prep,14-Jul,Analyst
414011,414011,41,"Sales Representatives, Wholesale and Manufacturing, Technical and Scientific Products",Considerable Prep,14-Jul,Analyst
414011.07,414011,41,Solar Sales Representatives and Assessors,Medium Prep,12-Jul,Analyst
414012,414012,41,"Sales Representatives, Wholesale and Manufacturing, Except Technical and Scientific Products",Considerable Prep,12-Jul,Analyst
419011,419011,41,Demonstrators and Product Promoters,Some Prep,16-Jul,Analyst
419012,419012,41,Models,No Prep,7-Jun,Analyst
419021,419021,41,Real Estate Brokers,Considerable Prep,15-Jul,Analyst
419022,419022,41,Real Estate Sales Agents,Medium Prep,9-Jun,Analyst
419031,419031,41,Sales Engineers,Considerable Prep,13-Jul,Analyst
419041,419041,41,Telemarketers,Some Prep,4-Dec,Analyst
419091,419091,41,"Door-To-Door Sales Workers, News and Street Vendors, and Related Workers",No Prep,18-Aug,Analyst
431011,431011,43,First-Line Supervisors of Office and Administrative Support Workers,Medium Prep,15-Jul,Analyst
432011,432011,43,"Switchboard Operators, Including Answering Service",Some Prep,13-Jul,Analyst
432021,432021,43,Telephone Operators,Some Prep,7-Jun,Analyst
433011,433011,43,Bill and Account Collectors,Some Prep,18-Aug,Analyst
433021.01,433021,43,Statement Clerks,Some Prep,14-Jul,Analyst
433021.02,433021,43,"Billing, Cost, and Rate Clerks",Some Prep,14-Jul,Analyst
433031,433031,43,"Bookkeeping, Accounting, and Auditing Clerks",Medium Prep,17-Jul,Analyst
433041,433041,43,Gaming Cage Workers,Some Prep,14-Jul,Analyst
433051,433051,43,Payroll and Timekeeping Clerks,Some Prep,16-Jul,Analyst
433061,433061,43,Procurement Clerks,Medium Prep,15-Jul,Analyst
433071,433071,43,Tellers,Some Prep,18-Aug,Analyst
434011,434011,43,Brokerage Clerks,Medium Prep,14-Jul,Analyst
434021,434021,43,Correspondence Clerks,Some Prep,16-Jul,Analyst
434031.01,434031,43,Court Clerks,Some Prep,12-Jul,Analyst
434031.02,434031,43,Municipal Clerks,Medium Prep,14-Jul,Analyst
434031.03,434031,43,License Clerks,Some Prep,14-Jul,Analyst
434041.01,434041,43,Credit Authorizers,Medium Prep,5-Dec,Analyst
434041.02,434041,43,Credit Checkers,Some Prep,5-Dec,Analyst
434051,434051,43,Customer Service Representatives,Some Prep,13-Jul,Analyst
434051.03,434051,43,Patient Representatives,Considerable Prep,11-Jul,Analyst
434061,434061,43,"Eligibility Interviewers, Government Programs",Medium Prep,16-Jul,Analyst
434071,434071,43,File Clerks,Some Prep,14-Jul,Analyst
434081,434081,43,"Hotel, Motel, and Resort Desk Clerks",Some Prep,17-Jul,Analyst
434111,434111,43,"Interviewers, Except Eligibility and Loan",Some Prep,13-Jul,Analyst
434121,434121,43,"Library Assistants, Clerical",Some Prep,18-Aug,Analyst
434131,434131,43,Loan Interviewers and Clerks,Medium Prep,17-Jul,Analyst
434141,434141,43,New Accounts Clerks,Some Prep,11-Jul,Analyst
434151,434151,43,Order Clerks,Some Prep,16-Jul,Analyst
434161,434161,43,"Human Resources Assistants, Except Payroll and Timekeeping",Medium Prep,17-Jul,Analyst
434171,434171,43,Receptionists and Information Clerks,Some Prep,14-Jul,Analyst
434181,434181,43,Reservation and Transportation Ticket Agents and Travel Clerks,Some Prep,13-Jul,Analyst
435011,435011,43,Cargo and Freight Agents,Some Prep,12-Jul,Analyst
435011.01,435011,43,Freight Forwarders,Some Prep,14-Jul,Analyst
435021,435021,43,Couriers and Messengers,Some Prep,16-Jul,Analyst
435031,435031,43,"Police, Fire, and Ambulance Dispatchers",Some Prep,16-Jul,Analyst
435032,435032,43,"Dispatchers, Except Police, Fire, and Ambulance",Some Prep,13-Jul,Analyst
435041,435041,43,"Meter Readers, Utilities",Some Prep,16-Jul,Analyst
435051,435051,43,Postal Service Clerks,Some Prep,16-Jul,Analyst
435052,435052,43,Postal Service Mail Carriers,Some Prep,16-Jul,Analyst
435053,435053,43,"Postal Service Mail Sorters, Processors, and Processing Machine Operators",Some Prep,16-Jul,Analyst
435061,435061,43,"Production, Planning, and Expediting Clerks",Medium Prep,13-Jul,Analyst
435071,435071,43,"Shipping, Receiving, and Traffic Clerks",Some Prep,12-Jul,Analyst
435081.01,435081,43,"Stock Clerks, Sales Floor",Some Prep,15-Jul,Analyst
435081.02,435081,43,Marking Clerks,Some Prep,6-Jun,Analyst
435081.03,435081,43,"Stock Clerks- Stockroom, Warehouse, or Storage Yard",Some Prep,15-Jul,Analyst
435081.04,435081,43,"Order Fillers, Wholesale and Retail Sales",Some Prep,15-Jul,Analyst
435111,435111,43,"Weighers, Measurers, Checkers, and Samplers, Recordkeeping",Some Prep,18-Aug,Analyst
436011,436011,43,Executive Secretaries and Executive Administrative Assistants,Medium Prep,17-Jul,Analyst
436012,436012,43,Legal Secretaries,Medium Prep,18-Aug,Analyst
436013,436013,43,Medical Secretaries,Medium Prep,13-Jul,Analyst
436014,436014,43,"Secretaries and Administrative Assistants, Except Legal, Medical, and Executive",Medium Prep,12-Jul,Analyst
439011,439011,43,Computer Operators,Medium Prep,18-Aug,Analyst
439021,439021,43,Data Entry Keyers,Some Prep,18-Aug,Analyst
439022,439022,43,Word Processors and Typists,Some Prep,17-Jul,Analyst
439031,439031,43,Desktop Publishers,Medium Prep,9-Jun,Analyst
439041.01,439041,43,Insurance Claims Clerks,Medium Prep,15-Jul,Analyst
439041.02,439041,43,Insurance Policy Processing Clerks,Some Prep,18-Aug,Analyst
439051,439051,43,"Mail Clerks and Mail Machine Operators, Except Postal Service",Some Prep,16-Jul,Analyst
439061,439061,43,"Office Clerks, General",Some Prep,18-Aug,Analyst
439071,439071,43,"Office Machine Operators, Except Computer",Some Prep,17-Jul,Analyst
439081,439081,43,Proofreaders and Copy Markers,Considerable Prep,16-Jul,Analyst
439111,439111,43,Statistical Assistants,Considerable Prep,15-Jul,Analyst
439111.01,439111,43,Bioinformatics Technicians,Considerable Prep,14-Jul,Analyst
451011.05,451011,45,First-Line Supervisors of Logging Workers,Some Prep,14-Jul,Analyst
451011.06,451011,45,First-Line Supervisors of Aquacultural Workers,Considerable Prep,8-Jun,Analyst
451011.07,451011,45,First-Line Supervisors of Agricultural Crop and Horticultural Workers,Medium Prep,14-Jul,Analyst
451011.08,451011,45,First-Line Supervisors of Animal Husbandry and Animal Care Workers,Medium Prep,17-Jul,Analyst
452011,452011,45,Agricultural Inspectors,Some Prep,13-Jul,Analyst
452021,452021,45,Animal Breeders,Some Prep,18-Aug,Analyst
452041,452041,45,"Graders and Sorters, Agricultural Products",No Prep,17-Jul,Analyst
452091,452091,45,Agricultural Equipment Operators,Some Prep,7-Jun,Analyst
452092.01,452092,45,Nursery Workers,Some Prep,16-Jul,Analyst
452092.02,452092,45,"Farmworkers and Laborers, Crop",No Prep,7-Jun,Analyst
452093,452093,45,"Farmworkers, Farm, Ranch, and Aquacultural Animals",No Prep,7-Jun,Analyst
453011,453011,45,Fishers and Related Fishing Workers,No Prep,7-Jun,Analyst
453021,453021,45,Hunters and Trappers,No Prep,16-Jul,Analyst
454011,454011,45,Forest and Conservation Workers,Medium Prep,14-Jul,Analyst
454021,454021,45,Fallers,No Prep,7-Jun,Analyst
454022,454022,45,Logging Equipment Operators,No Prep,17-Jul,Analyst
454023,454023,45,Log Graders and Scalers,Some Prep,17-Jul,Analyst
471011,471011,47,First-Line Supervisors of Construction Trades and Extraction Workers,Medium Prep,12-Jul,Analyst
471011.03,471011,47,Solar Energy Installation Managers,Medium Prep,14-Jul,Analyst
472011,472011,47,Boilermakers,Medium Prep,15-Jul,Analyst
472021,472021,47,Brickmasons and Blockmasons,Some Prep,18-Aug,Analyst
472022,472022,47,Stonemasons,Medium Prep,5-Dec,Analyst
472031.01,472031,47,Construction Carpenters,Some Prep,14-Jul,Analyst
472031.02,472031,47,Rough Carpenters,Some Prep,10-Jun,Analyst
472041,472041,47,Carpet Installers,Some Prep,11-Jul,Analyst
472042,472042,47,"Floor Layers, Except Carpet, Wood, and Hard Tiles",Some Prep,5-Dec,Analyst
472043,472043,47,Floor Sanders and Finishers,Some Prep,8-Jun,Analyst
472044,472044,47,Tile and Marble Setters,Some Prep,9-Jun,Analyst
472051,472051,47,Cement Masons and Concrete Finishers,No Prep,18-Aug,Analyst
472053,472053,47,Terrazzo Workers and Finishers,Some Prep,15-Jul,Analyst
472061,472061,47,Construction Laborers,Some Prep,12-Jul,Analyst
472071,472071,47,"Paving, Surfacing, and Tamping Equipment Operators",Some Prep,11-Jul,Analyst
472072,472072,47,Pile-Driver Operators,Some Prep,18-Aug,Analyst
472073,472073,47,Operating Engineers and Other Construction Equipment Operators,Some Prep,12-Jul,Analyst
472081,472081,47,Drywall and Ceiling Tile Installers,Some Prep,16-Jul,Analyst
472082,472082,47,Tapers,Some Prep,15-Jul,Analyst
472111,472111,47,Electricians,Medium Prep,13-Jul,Analyst
472121,472121,47,Glaziers,Some Prep,14-Jul,Analyst
472131,472131,47,"Insulation Workers, Floor, Ceiling, and Wall",Some Prep,15-Jul,Analyst
472132,472132,47,"Insulation Workers, Mechanical",Some Prep,7-Jun,Analyst
472141,472141,47,"Painters, Construction and Maintenance",Some Prep,14-Jul,Analyst
472142,472142,47,Paperhangers,Some Prep,8-Jun,Analyst
472151,472151,47,Pipelayers,Some Prep,15-Jul,Analyst
472152.01,472152,47,Pipe Fitters and Steamfitters,Medium Prep,14-Jul,Analyst
472152.02,472152,47,Plumbers,Medium Prep,13-Jul,Analyst
472161,472161,47,Plasterers and Stucco Masons,No Prep,15-Jul,Analyst
472171,472171,47,Reinforcing Iron and Rebar Workers,Some Prep,15-Jul,Analyst
472181,472181,47,Roofers,Some Prep,15-Jul,Analyst
472211,472211,47,Sheet Metal Workers,Some Prep,14-Jul,Analyst
472221,472221,47,Structural Iron and Steel Workers,Some Prep,15-Jul,Analyst
472231,472231,47,Solar Photovoltaic Installers,Some Prep,12-Jul,Analyst
473011,473011,47,"Helpers--Brickmasons, Blockmasons, Stonemasons, and Tile and Marble Setters",Some Prep,13-Jul,Analyst
473012,473012,47,Helpers--Carpenters,Some Prep,13-Jul,Analyst
473013,473013,47,Helpers--Electricians,Some Prep,11-Jul,Analyst
473014,473014,47,"Helpers--Painters, Paperhangers, Plasterers, and Stucco Masons",No Prep,7-Jun,Analyst
473015,473015,47,"Helpers--Pipelayers, Plumbers, Pipefitters, and Steamfitters",Some Prep,11-Jul,Analyst
473016,473016,47,Helpers--Roofers,Some Prep,8-Jun,Analyst
474011,474011,47,Construction and Building Inspectors,Medium Prep,13-Jul,Analyst
474021,474021,47,Elevator Installers and Repairers,Medium Prep,6-Dec,Analyst
474031,474031,47,Fence Erectors,Some Prep,7-Jun,Analyst
474041,474041,47,Hazardous Materials Removal Workers,Medium Prep,15-Jul,Analyst
474051,474051,47,Highway Maintenance Workers,Some Prep,17-Jul,Analyst
474061,474061,47,Rail-Track Laying and Maintenance Equipment Operators,Some Prep,15-Jul,Analyst
474071,474071,47,Septic Tank Servicers and Sewer Pipe Cleaners,No Prep,17-Jul,Analyst
474091,474091,47,Segmental Pavers,Some Prep,8-Jun,Analyst
474099.02,474099,47,Solar Thermal Installers and Technicians,Medium Prep,15-Jul,Analyst
474099.03,474099,47,Weatherization Installers and Technicians,Some Prep,12-Jul,Analyst
475011,475011,47,"Derrick Operators, Oil and Gas",No Prep,6-Jun,Analyst
475012,475012,47,"Rotary Drill Operators, Oil and Gas",Some Prep,5-Dec,Analyst
475013,475013,47,"Service Unit Operators, Oil, Gas, and Mining",Some Prep,13-Jul,Analyst
475021,475021,47,"Earth Drillers, Except Oil and Gas",Some Prep,17-Jul,Analyst
475031,475031,47,"Explosives Workers, Ordnance Handling Experts, and Blasters",Some Prep,6-Jun,Analyst
475041,475041,47,Continuous Mining Machine Operators,Some Prep,16-Jul,Analyst
475042,475042,47,Mine Cutting and Channeling Machine Operators,Some Prep,5-Jul,Analyst
475051,475051,47,"Rock Splitters, Quarry",No Prep,8-Jun,Analyst
475061,475061,47,"Roof Bolters, Mining",Some Prep,17-Jul,Analyst
475071,475071,47,"Roustabouts, Oil and Gas",No Prep,11-Jul,Analyst
475081,475081,47,Helpers--Extraction Workers,Some Prep,18-Aug,Analyst
491011,491011,49,"First-Line Supervisors of Mechanics, Installers, and Repairers",Medium Prep,13-Jul,Analyst
492011,492011,49,"Computer, Automated Teller, and Office Machine Repairers",Medium Prep,15-Jul,Analyst
492021,492021,49,"Radio, Cellular, and Tower Equipment Installers and Repairers",Medium Prep,13-Jul,Analyst
492021.01,492021,49,Radio Mechanics,Medium Prep,18-Aug,Analyst
492022,492022,49,"Telecommunications Equipment Installers and Repairers, Except Line Installers",Medium Prep,17-Jul,Analyst
492091,492091,49,Avionics Technicians,Medium Prep,15-Jul,Analyst
492092,492092,49,"Electric Motor, Power Tool, and Related Repairers",Medium Prep,17-Jul,Analyst
492093,492093,49,"Electrical and Electronics Installers and Repairers, Transportation Equipment",Medium Prep,6-Dec,Analyst
492094,492094,49,"Electrical and Electronics Repairers, Commercial and Industrial Equipment",Medium Prep,14-Jul,Analyst
492095,492095,49,"Electrical and Electronics Repairers, Powerhouse, Substation, and Relay",Medium Prep,17-Jul,Analyst
492096,492096,49,"Electronic Equipment Installers and Repairers, Motor Vehicles",Medium Prep,16-Jul,Analyst
492097,492097,49,Electronic Home Entertainment Equipment Installers and Repairers,Medium Prep,7-Jun,Analyst
492098,492098,49,Security and Fire Alarm Systems Installers,Medium Prep,15-Jul,Analyst
493011,493011,49,Aircraft Mechanics and Service Technicians,Medium Prep,13-Jul,Analyst
493021,493021,49,Automotive Body and Related Repairers,Some Prep,9-Jun,Analyst
493022,493022,49,Automotive Glass Installers and Repairers,Some Prep,14-Jul,Analyst
493023.01,493023,49,Automotive Master Mechanics,Medium Prep,18-Aug,Analyst
493023.02,493023,49,Automotive Specialty Technicians,Medium Prep,14-Jul,Analyst
493031,493031,49,Bus and Truck Mechanics and Diesel Engine Specialists,Medium Prep,13-Jul,Analyst
493041,493041,49,Farm Equipment Mechanics and Service Technicians,Medium Prep,16-Jul,Analyst
493042,493042,49,"Mobile Heavy Equipment Mechanics, Except Engines",Medium Prep,17-Jul,Analyst
493043,493043,49,Rail Car Repairers,Some Prep,6-Jun,Analyst
493051,493051,49,Motorboat Mechanics and Service Technicians,Medium Prep,15-Jul,Analyst
493052,493052,49,Motorcycle Mechanics,Medium Prep,14-Jul,Analyst
493053,493053,49,Outdoor Power Equipment and Other Small Engine Mechanics,Some Prep,18-Aug,Analyst
493091,493091,49,Bicycle Repairers,Some Prep,16-Jul,Analyst
493092,493092,49,Recreational Vehicle Service Technicians,Some Prep,15-Jul,Analyst
493093,493093,49,Tire Repairers and Changers,Some Prep,14-Jul,Analyst
499011,499011,49,Mechanical Door Repairers,Some Prep,15-Jul,Analyst
499012,499012,49,"Control and Valve Installers and Repairers, Except Mechanical Door",Medium Prep,17-Jul,Analyst
499021.01,499021,49,Heating and Air Conditioning Mechanics and Installers,Medium Prep,14-Jul,Analyst
499021.02,499021,49,Refrigeration Mechanics and Installers,Medium Prep,10-Jun,Analyst
499031,499031,49,Home Appliance Repairers,Some Prep,18-Aug,Analyst
499041,499041,49,Industrial Machinery Mechanics,Medium Prep,13-Jul,Analyst
499043,499043,49,"Maintenance Workers, Machinery",Medium Prep,15-Jul,Analyst
499044,499044,49,Millwrights,Some Prep,18-Aug,Analyst
499045,499045,49,"Refractory Materials Repairers, Except Brickmasons",Some Prep,7-Jun,Analyst
499051,499051,49,Electrical Power-Line Installers and Repairers,Medium Prep,12-Jul,Analyst
499052,499052,49,Telecommunications Line Installers and Repairers,Some Prep,15-Jul,Analyst
499061,499061,49,Camera and Photographic Equipment Repairers,Medium Prep,15-Jul,Analyst
499062,499062,49,Medical Equipment Repairers,Medium Prep,13-Jul,Analyst
499063,499063,49,Musical Instrument Repairers and Tuners,Medium Prep,16-Jul,Analyst
499064,499064,49,Watch Repairers,Medium Prep,18-Aug,Analyst
499071,499071,49,"Maintenance and Repair Workers, General",Medium Prep,14-Jul,Analyst
499081,499081,49,Wind Turbine Service Technicians,Medium Prep,13-Jul,Analyst
499091,499091,49,"Coin, Vending, and Amusement Machine Servicers and Repairers",Some Prep,17-Jul,Analyst
499092,499092,49,Commercial Divers,Medium Prep,15-Jul,Analyst
499093,499093,49,"Fabric Menders, Except Garment",No Prep,8-Jun,Analyst
499094,499094,49,Locksmiths and Safe Repairers,Some Prep,10-Jun,Analyst
499095,499095,49,Manufactured Building and Mobile Home Installers,Some Prep,7-Jun,Analyst
499096,499096,49,Riggers,Some Prep,7-Jun,Analyst
499097,499097,49,Signal and Track Switch Repairers,Medium Prep,7-Jun,Analyst
499098,499098,49,"Helpers--Installation, Maintenance, and Repair Workers",Some Prep,11-Jul,Analyst
499099.01,499099,49,Geothermal Technicians,Some Prep,11-Jul,Analyst
511011,511011,51,First-Line Supervisors of Production and Operating Workers,Some Prep,11-Jul,Analyst
512011,512011,51,"Aircraft Structure, Surfaces, Rigging, and Systems Assemblers",Some Prep,15-Jul,Analyst
512021,512021,51,"Coil Winders, Tapers, and Finishers",Some Prep,17-Jul,Analyst
512022,512022,51,Electrical and Electronic Equipment Assemblers,Some Prep,13-Jul,Analyst
512023,512023,51,Electromechanical Equipment Assemblers,Some Prep,17-Jul,Analyst
512031,512031,51,Engine and Other Machine Assemblers,Some Prep,14-Jul,Analyst
512041,512041,51,Structural Metal Fabricators and Fitters,Medium Prep,13-Jul,Analyst
512091,512091,51,Fiberglass Laminators and Fabricators,Some Prep,7-Jun,Analyst
512092,512092,51,Team Assemblers,Some Prep,11-Jul,Analyst
512093,512093,51,Timing Device Assemblers and Adjusters,Some Prep,8-Jun,Analyst
513011,513011,51,Bakers,Some Prep,15-Jul,Analyst
513021,513021,51,Butchers and Meat Cutters,Some Prep,16-Jul,Analyst
513022,513022,51,"Meat, Poultry, and Fish Cutters and Trimmers",No Prep,17-Jul,Analyst
513023,513023,51,Slaughterers and Meat Packers,Some Prep,17-Jul,Analyst
513091,513091,51,"Food and Tobacco Roasting, Baking, and Drying Machine Operators and Tenders",Some Prep,17-Jul,Analyst
513092,513092,51,Food Batchmakers,Some Prep,11-Jul,Analyst
513093,513093,51,Food Cooking Machine Operators and Tenders,Some Prep,11-Jul,Analyst
514011,514011,51,"Computer-Controlled Machine Tool Operators, Metal and Plastic",Medium Prep,13-Jul,Analyst
514012,514012,51,"Computer Numerically Controlled Machine Tool Programmers, Metal and Plastic",Medium Prep,16-Jul,Analyst
514021,514021,51,"Extruding and Drawing Machine Setters, Operators, and Tenders, Metal and Plastic",Some Prep,15-Jul,Analyst
514022,514022,51,"Forging Machine Setters, Operators, and Tenders, Metal and Plastic",Some Prep,16-Jul,Analyst
514023,514023,51,"Rolling Machine Setters, Operators, and Tenders, Metal and Plastic",Some Prep,18-Aug,Analyst
514031,514031,51,"Cutting, Punching, and Press Machine Setters, Operators, and Tenders, Metal and Plastic",Some Prep,15-Jul,Analyst
514032,514032,51,"Drilling and Boring Machine Tool Setters, Operators, and Tenders, Metal and Plastic",Some Prep,13-Jul,Analyst
514033,514033,51,"Grinding, Lapping, Polishing, and Buffing Machine Tool Setters, Operators, and Tenders, Metal and Plastic",Some Prep,16-Jul,Analyst
514034,514034,51,"Lathe and Turning Machine Tool Setters, Operators, and Tenders, Metal and Plastic",Some Prep,16-Jul,Analyst
514035,514035,51,"Milling and Planing Machine Setters, Operators, and Tenders, Metal and Plastic",Some Prep,16-Jul,Analyst
514041,514041,51,Machinists,Medium Prep,12-Jul,Analyst
514051,514051,51,Metal-Refining Furnace Operators and Tenders,Some Prep,18-Aug,Analyst
514052,514052,51,"Pourers and Casters, Metal",Some Prep,18-Aug,Analyst
514061,514061,51,"Model Makers, Metal and Plastic",Medium Prep,16-Jul,Analyst
514062,514062,51,"Patternmakers, Metal and Plastic",Medium Prep,17-Jul,Analyst
514071,514071,51,Foundry Mold and Coremakers,Some Prep,16-Jul,Analyst
514072,514072,51,"Molding, Coremaking, and Casting Machine Setters, Operators, and Tenders, Metal and Plastic",Some Prep,16-Jul,Analyst
514081,514081,51,"Multiple Machine Tool Setters, Operators, and Tenders, Metal and Plastic",Some Prep,13-Jul,Analyst
514111,514111,51,Tool and Die Makers,Medium Prep,12-Jul,Analyst
514121.06,514121,51,"Welders, Cutters, and Welder Fitters",Medium Prep,12-Jul,Analyst
514121.07,514121,51,Solderers and Brazers,Some Prep,15-Jul,Analyst
514122,514122,51,"Welding, Soldering, and Brazing Machine Setters, Operators, and Tenders",Some Prep,15-Jul,Analyst
514191,514191,51,"Heat Treating Equipment Setters, Operators, and Tenders, Metal and Plastic",Some Prep,16-Jul,Analyst
514192,514192,51,"Layout Workers, Metal and Plastic",Some Prep,18-Aug,Analyst
514193,514193,51,"Plating and Coating Machine Setters, Operators, and Tenders, Metal and Plastic",Some Prep,16-Jul,Analyst
514194,514194,51,"Tool Grinders, Filers, and Sharpeners",Some Prep,16-Jul,Analyst
515111,515111,51,Prepress Technicians and Workers,Medium Prep,16-Jul,Analyst
515112,515112,51,Printing Press Operators,Medium Prep,12-Jul,Analyst
515113,515113,51,Print Binding and Finishing Workers,Some Prep,15-Jul,Analyst
516011,516011,51,Laundry and Dry-Cleaning Workers,No Prep,15-Jul,Analyst
516021,516021,51,"Pressers, Textile, Garment, and Related Materials",No Prep,17-Jul,Analyst
516031,516031,51,Sewing Machine Operators,No Prep,17-Jul,Analyst
516041,516041,51,Shoe and Leather Workers and Repairers,Some Prep,7-Jun,Analyst
516042,516042,51,Shoe Machine Operators and Tenders,Some Prep,7-Jun,Analyst
516051,516051,51,"Sewers, Hand",Some Prep,7-Jun,Analyst
516052,516052,51,"Tailors, Dressmakers, and Custom Sewers",Medium Prep,8-Jun,Analyst
516061,516061,51,Textile Bleaching and Dyeing Machine Operators and Tenders,Some Prep,7-Jun,Analyst
516062,516062,51,"Textile Cutting Machine Setters, Operators, and Tenders",Some Prep,7-Jun,Analyst
516063,516063,51,"Textile Knitting and Weaving Machine Setters, Operators, and Tenders",Some Prep,7-Jun,Analyst
516064,516064,51,"Textile Winding, Twisting, and Drawing Out Machine Setters, Operators, and Tenders",Some Prep,7-Jun,Analyst
516091,516091,51,"Extruding and Forming Machine Setters, Operators, and Tenders, Synthetic and Glass Fibers",Some Prep,7-Jun,Analyst
516092,516092,51,Fabric and Apparel Patternmakers,Medium Prep,16-Jul,Analyst
516093,516093,51,Upholsterers,Some Prep,16-Jul,Analyst
517011,517011,51,Cabinetmakers and Bench Carpenters,Some Prep,15-Jul,Analyst
517021,517021,51,Furniture Finishers,Some Prep,17-Jul,Analyst
517031,517031,51,"Model Makers, Wood",Medium Prep,7-Jun,Analyst
517032,517032,51,"Patternmakers, Wood",Medium Prep,6-Dec,Analyst
517041,517041,51,"Sawing Machine Setters, Operators, and Tenders, Wood",Some Prep,13-Jul,Analyst
517042,517042,51,"Woodworking Machine Setters, Operators, and Tenders, Except Sawing",Some Prep,15-Jul,Analyst
518011,518011,51,Nuclear Power Reactor Operators,Medium Prep,14-Jul,Analyst
518012,518012,51,Power Distributors and Dispatchers,Medium Prep,14-Jul,Analyst
518013,518013,51,Power Plant Operators,Some Prep,14-Jul,Analyst
518021,518021,51,Stationary Engineers and Boiler Operators,Medium Prep,13-Jul,Analyst
518031,518031,51,Water and Wastewater Treatment Plant and System Operators,Medium Prep,18-Aug,Analyst
518091,518091,51,Chemical Plant and System Operators,Some Prep,15-Jul,Analyst
518092,518092,51,Gas Plant Operators,Medium Prep,7-Jun,Analyst
518093,518093,51,"Petroleum Pump System Operators, Refinery Operators, and Gaugers",Some Prep,7-Jun,Analyst
518099.01,518099,51,Biofuels Processing Technicians,Some Prep,16-Jul,Analyst
518099.03,518099,51,Biomass Plant Technicians,Some Prep,12-Jul,Analyst
518099.04,518099,51,Hydroelectric Plant Technicians,Medium Prep,16-Jul,Analyst
519011,519011,51,Chemical Equipment Operators and Tenders,Some Prep,15-Jul,Analyst
519012,519012,51,"Separating, Filtering, Clarifying, Precipitating, and Still Machine Setters, Operators, and Tenders",Some Prep,15-Jul,Analyst
519021,519021,51,"Crushing, Grinding, and Polishing Machine Setters, Operators, and Tenders",Some Prep,16-Jul,Analyst
519022,519022,51,"Grinding and Polishing Workers, Hand",No Prep,16-Jul,Analyst
519023,519023,51,"Mixing and Blending Machine Setters, Operators, and Tenders",Some Prep,14-Jul,Analyst
519031,519031,51,"Cutters and Trimmers, Hand",Some Prep,7-Jun,Analyst
519032,519032,51,"Cutting and Slicing Machine Setters, Operators, and Tenders",Some Prep,16-Jul,Analyst
519041,519041,51,"Extruding, Forming, Pressing, and Compacting Machine Setters, Operators, and Tenders",Some Prep,16-Jul,Analyst
519051,519051,51,"Furnace, Kiln, Oven, Drier, and Kettle Operators and Tenders",Some Prep,15-Jul,Analyst
519061,519061,51,"Inspectors, Testers, Sorters, Samplers, and Weighers",Some Prep,12-Jul,Analyst
519071.01,519071,51,Jewelers,Medium Prep,8-Jun,Analyst
519071.06,519071,51,Gem and Diamond Workers,Medium Prep,8-Jun,Analyst
519071.07,519071,51,Precious Metal Workers,Medium Prep,8-Jun,Analyst
519081,519081,51,Dental Laboratory Technicians,Some Prep,14-Jul,Analyst
519082,519082,51,Medical Appliance Technicians,Medium Prep,15-Jul,Analyst
519083,519083,51,Ophthalmic Laboratory Technicians,Some Prep,15-Jul,Analyst
519111,519111,51,Packaging and Filling Machine Operators and Tenders,Some Prep,17-Jul,Analyst
519121,519121,51,"Coating, Painting, and Spraying Machine Setters, Operators, and Tenders",Some Prep,17-Jul,Analyst
519122,519122,51,"Painters, Transportation Equipment",Some Prep,14-Jul,Analyst
519123,519123,51,"Painting, Coating, and Decorating Workers",Some Prep,6-Dec,Analyst
519141,519141,51,Semiconductor Processors,Some Prep,6-Dec,Analyst
519151,519151,51,Photographic Process Workers and Processing Machine Operators,Some Prep,17-Jul,Analyst
519191,519191,51,Adhesive Bonding Machine Operators and Tenders,Some Prep,15-Jul,Analyst
519192,519192,51,"Cleaning, Washing, and Metal Pickling Equipment Operators and Tenders",Some Prep,17-Jul,Analyst
519193,519193,51,Cooling and Freezing Equipment Operators and Tenders,Some Prep,17-Jul,Analyst
519194,519194,51,Etchers and Engravers,Some Prep,17-Jul,Analyst
519195.03,519195,51,"Stone Cutters and Carvers, Manufacturing",Some Prep,15-Jul,Analyst
519195.04,519195,51,"Glass Blowers, Molders, Benders, and Finishers",Some Prep,15-Jul,Analyst
519195.05,519195,51,"Potters, Manufacturing",Medium Prep,8-Jun,Analyst
519195.07,519195,51,Molding and Casting Workers,Some Prep,15-Jul,Analyst
519196,519196,51,"Paper Goods Machine Setters, Operators, and Tenders",Some Prep,18-Aug,Analyst
519197,519197,51,Tire Builders,Some Prep,7-Jun,Analyst
519198,519198,51,Helpers--Production Workers,Some Prep,15-Jul,Analyst
519199.01,519199,51,Recycling and Reclamation Workers,Some Prep,12-Jul,Analyst
531011,531011,53,Aircraft Cargo Handling Supervisors,Some Prep,16-Jul,Analyst
531021,531021,53,"First-Line Supervisors of Helpers, Laborers, and Material Movers, Hand",Some Prep,15-Jul,Analyst
531021.01,531021,53,Recycling Coordinators,Some Prep,14-Jul,Analyst
531031,531031,53,First-Line Supervisors of Transportation and Material-Moving Machine and Vehicle Operators,Some Prep,13-Jul,Analyst
532011,532011,53,"Airline Pilots, Copilots, and Flight Engineers",Considerable Prep,12-Jul,Analyst
532012,532012,53,Commercial Pilots,Medium Prep,15-Jul,Analyst
532021,532021,53,Air Traffic Controllers,Medium Prep,14-Jul,Analyst
532022,532022,53,Airfield Operations Specialists,Medium Prep,13-Jul,Analyst
532031,532031,53,Flight Attendants,Medium Prep,12-Jul,Analyst
533011,533011,53,"Ambulance Drivers and Attendants, Except Emergency Medical Technicians",Some Prep,17-Jul,Analyst
533021,533021,53,"Bus Drivers, Transit and Intercity",Some Prep,18-Aug,Analyst
533022,533022,53,"Bus Drivers, School or Special Client",Some Prep,11-Jul,Analyst
533031,533031,53,Driver/Sales Workers,Some Prep,12-Jul,Analyst
533032,533032,53,Heavy and Tractor-Trailer Truck Drivers,Some Prep,14-Jul,Analyst
533033,533033,53,Light Truck or Delivery Services Drivers,Some Prep,14-Jul,Analyst
533041,533041,53,Taxi Drivers and Chauffeurs,Some Prep,18-Aug,Analyst
534011,534011,53,Locomotive Engineers,Some Prep,15-Jul,Analyst
534012,534012,53,Locomotive Firers,Some Prep,9-Jun,Analyst
534013,534013,53,"Rail Yard Engineers, Dinkey Operators, and Hostlers",Some Prep,6-Jun,Analyst
534021,534021,53,"Railroad Brake, Signal, and Switch Operators",Some Prep,7-Jun,Analyst
534031,534031,53,Railroad Conductors and Yardmasters,Some Prep,13-Jul,Analyst
534041,534041,53,Subway and Streetcar Operators,Some Prep,6-Dec,Analyst
535011,535011,53,Sailors and Marine Oilers,Some Prep,16-Jul,Analyst
535021.01,535021,53,Ship and Boat Captains,Medium Prep,15-Jul,Analyst
535021.02,535021,53,"Mates- Ship, Boat, and Barge",Some Prep,15-Jul,Analyst
535021.03,535021,53,"Pilots, Ship",Medium Prep,15-Jul,Analyst
535022,535022,53,Motorboat Operators,Some Prep,7-Jun,Analyst
535031,535031,53,Ship Engineers,Medium Prep,16-Jul,Analyst
536011,536011,53,Bridge and Lock Tenders,No Prep,5-Jul,Analyst
536021,536021,53,Parking Lot Attendants,Some Prep,15-Jul,Analyst
536031,536031,53,Automotive and Watercraft Service Attendants,Some Prep,16-Jul,Analyst
536041,536041,53,Traffic Technicians,Medium Prep,16-Jul,Analyst
536051.01,536051,53,Aviation Inspectors,Medium Prep,13-Jul,Analyst
536051.07,536051,53,"Transportation Vehicle, Equipment and Systems Inspectors, Except Aviation",Some Prep,15-Jul,Analyst
536051.08,536051,53,Freight and Cargo Inspectors,Considerable Prep,8-Jun,Analyst
536061,536061,53,"Transportation Attendants, Except Flight Attendants",Some Prep,15-Jul,Analyst
537011,537011,53,Conveyor Operators and Tenders,No Prep,17-Jul,Analyst
537021,537021,53,Crane and Tower Operators,Medium Prep,15-Jul,Analyst
537031,537031,53,Dredge Operators,Some Prep,8-Jun,Analyst
537032,537032,53,Excavating and Loading Machine and Dragline Operators,Some Prep,13-Jul,Analyst
537033,537033,53,"Loading Machine Operators, Underground Mining",Some Prep,8-Jun,Analyst
537041,537041,53,Hoist and Winch Operators,Some Prep,4-Dec,Analyst
537051,537051,53,Industrial Truck and Tractor Operators,Some Prep,13-Jul,Analyst
537061,537061,53,Cleaners of Vehicles and Equipment,Some Prep,13-Jul,Analyst
537062,537062,53,"Laborers and Freight, Stock, and Material Movers, Hand",Some Prep,13-Jul,Analyst
537063,537063,53,Machine Feeders and Offbearers,Some Prep,16-Jul,Analyst
537064,537064,53,"Packers and Packagers, Hand",Some Prep,11-Jul,Analyst
537071,537071,53,Gas Compressor and Gas Pumping Station Operators,Some Prep,17-Jul,Analyst
537072,537072,53,"Pump Operators, Except Wellhead Pumpers",Some Prep,7-Jun,Analyst
537073,537073,53,Wellhead Pumpers,Some Prep,4-Dec,Analyst
537081,537081,53,Refuse and Recyclable Material Collectors,Some Prep,12-Jul,Analyst
537111,537111,53,Mine Shuttle Car Operators,Some Prep,4-Dec,Analyst
537121,537121,53,"Tank Car, Truck, and Ship Loaders",Some Prep,6-Dec,Analyst
